title,url,publish_time
“红苹果”正变成“金苹果”,https://www.peopleapp.com/column/30046857139-500005814285,2024-10-07 08:07
弘扬兵团精神 忠诚履行使命,https://content-static.cctvnews.cctv.com/snow-book/video.html?item_id=12286371160745412552&toc_style_id=video_default&track_id=D160A557-8DCE-4DA0-AF07-F853FADA0BDB_749909548038&share_to=copy_url,
大国工程“瞰”变化,https://h.xinhuaxmt.com/vh512/share/12213049?homeshow=1&newstype=1001,
运动让城市更美好,https://m.hbtv.com.cn/p/4474335.html,2024-10-07 14:42
这些大国重器，就是中国底气！,https://content-static.cctvnews.cctv.com/snow-book/index.html?item_id=9044845646551229617&t=1728228899581&toc_style_id=feeds_default&share_to=wechat&track_id=8c2ca61e-6d53-4b68-9d83-8c39d17602d3,
专题｜新思想引领新时代改革开放,https://mbd.baidu.com/newspage/data/mdpage?tag=8&id=10591,
就业规模显著扩大 就业质量稳步提升,https://h.xinhuaxmt.com/vh512/share/12222567?d=134da6f,
专题｜学习贯彻党的二十届三中全会精神,https://mbd.baidu.com/newspage/data/mdpage?tag=8&id=10607,
科技创新为高质量发展注入强劲动力,http://world.people.com.cn/n1/2024/1007/c1002-40333667.html,
专题｜奋进强国路 阔步新征程,http://www.xinhuanet.com/zt/fjqgl2024/index.html,
破20亿元！银幕内外，何以看点满满？,https://mp.weixin.qq.com/s/xkZx5jzn4ugMjoFp8zl6hg,2024-10-07 13:24
【读方志 游中国】 打卡宜昌,https://www.cssn.cn/skrmt/skrmt_skws/202409/t20240929_5788945.shtml,
贾法尔：感谢我百岁人生中的中国朋友们,https://content-static.cctvnews.cctv.com/snow-book/index.html?item_id=15551365572881275921&toc_style_id=feeds_default&share_to=copy_url&track_id=f8ba706f-f45f-45c1-a8f5-3cefa0905be3,
海耶飞：我与中国的不解之缘,https://content-static.cctvnews.cctv.com/snow-book/index.html?item_id=14046437391200533266&toc_style_id=feeds_default&share_to=copy_url&track_id=0c68a8f6-41de-4515-a752-4ba7d29d73f0,
航拍雨后扎尕那 体验西北藏寨云端呼吸之旅,https://content-static.cctvnews.cctv.com/snow-book/video.html?item_id=7203344730820311990&t=1728266153657&toc_style_id=video_default&share_to=copy_url&track_id=44aef7af-be3c-4cc5-bbed-c2e448faf689,
8月辟谣榜,https://www.bjjubao.org.cn/2024-09/05/content_46075.html,2024-09-05 17:40
今日辟谣,https://www.piyao.org.cn/20240930/85415eb9db3640afb2ae3a56a541705b/c.html,2024-09-30 16:49
北京网站辟谣平台,http://www.bjjubao.org.cn/node_1606.html,
互联网联合辟谣平台,https://www.piyao.org.cn/,
百度2024年9月侵权举报受理公示,http://baijiahao.baidu.com/s?id=1811165517128189476,
林诗栋夺得WTT中国大满贯男单冠军, https://baijiahao.baidu.com/s?id=1812175871199136360,
孙颖莎夺冠，刘国梁颁奖！可是西装绷不住了……,https://haokan.baidu.com/v?vid=4075970114291918315&backflow=1&pd=d_push&pagepd=d_push,
郑钦文受伤止步中网女单四强 受伤原因：没有休息好,https://haokan.baidu.com/v?vid=9631142010138909140&backflow=1&pd=d_push&pagepd=d_push,
王楚钦：以目前我的状态去打球，对不起国家队的培养, https://haokan.baidu.com/v?vid=17694115809991159270&backflow=1&pd=d_push&pagepd=d_push,
足协因考虑舆情没给国足包机，飞24小时赴澳大利亚备战, https://haokan.baidu.com/v?vid=13788619647895200421&backflow=1&pd=d_push&pagepd=d_push,
特朗普重回遭枪击地点办集会：防弹玻璃环绕演讲台,https://baijiahao.baidu.com/s?id=1812123577766571033&wfr=content,
点击刷新，将会有未读推荐,javascript:void(0);,请求异常
